scheme_id,canonical_name,amc,category,default_plan,default_option,groww_url,coverage_status
hdfc_mid_cap,HDFC Mid Cap Fund - Direct Growth,HDFC Mutual Fund,Equity - Diversified,Direct,Growth,https://groww.in/mutual-funds/hdfc-mid-cap-fund-direct-growth,ACTIVE
hdfc_flexi_cap,HDFC Flexi Cap Fund - Direct Growth,HDFC Mutual Fund,Equity - Diversified,Direct,Growth,https://groww.in/mutual-funds/hdfc-equity-fund-direct-growth,ACTIVE
hdfc_small_cap,HDFC Small Cap Fund - Direct Growth,HDFC Mutual Fund,Equity - Diversified,Direct,Growth,https://groww.in/mutual-funds/hdfc-small-cap-fund-direct-growth,ACTIVE
hdfc_large_and_mid_cap,HDFC Large and Mid Cap Fund - Direct Growth,HDFC Mutual Fund,Equity - Diversified,Direct,Growth,https://groww.in/mutual-funds/hdfc-large-and-mid-cap-fund-direct-growth,ACTIVE
hdfc_large_cap,HDFC Large Cap Fund - Direct Growth,HDFC Mutual Fund,Equity - Diversified,Direct,Growth,https://groww.in/mutual-funds/hdfc-large-cap-fund-direct-growth,ACTIVE
hdfc_multi_cap,HDFC Multi Cap Fund - Direct Growth,HDFC Mutual Fund,Equity - Diversified,Direct,Growth,https://groww.in/nfo/hdfc-multi-cap-fund-direct-growth,ACTIVE
hdfc_focused,HDFC Focused Fund - Direct Growth,HDFC Mutual Fund,Equity - Diversified,Direct,Growth,https://groww.in/mutual-funds/hdfc-focused-fund-direct-growth,ACTIVE
hdfc_value,HDFC Value Fund - Direct Growth,HDFC Mutual Fund,Equity - Diversified,Direct,Growth,https://groww.in/mutual-funds/hdfc-value-fund-direct-growth,ACTIVE
hdfc_elss_tax_saver,HDFC ELSS Tax Saver Fund - Direct Growth,HDFC Mutual Fund,Equity - Diversified,Direct,Growth,https://groww.in/mutual-funds/hdfc-elss-tax-saver-fund-direct-plan-growth,ACTIVE
hdfc_mnc,HDFC MNC Fund - Direct Growth,HDFC Mutual Fund,Equity - Diversified,Direct,Growth,https://groww.in/mutual-funds/hdfc-mnc-fund-direct-growth,ACTIVE
hdfc_business_cycle,HDFC Business Cycle Fund - Direct Growth,HDFC Mutual Fund,Thematic / Sectoral Equity,Direct,Growth,https://groww.in/nfo/hdfc-business-cycle-fund-direct-growth,ACTIVE
hdfc_defence,HDFC Defence Fund - Direct Growth,HDFC Mutual Fund,Thematic / Sectoral Equity,Direct,Growth,https://groww.in/nfo/hdfc-defence-fund-direct-growth,ACTIVE
hdfc_consumption,HDFC Consumption Fund - Direct Growth,HDFC Mutual Fund,Thematic / Sectoral Equity,Direct,Growth,https://groww.in/mutual-funds/hdfc-consumption-fund-direct-growth,ACTIVE
hdfc_transportation_and_logistics,HDFC Transportation and Logistics Fund - Direct Growth,HDFC Mutual Fund,Thematic / Sectoral Equity,Direct,Growth,https://groww.in/mutual-funds/hdfc-transportation-and-logistics-fund-direct-growth,ACTIVE
hdfc_technology,HDFC Technology Fund - Direct Growth,HDFC Mutual Fund,Thematic / Sectoral Equity,Direct,Growth,https://groww.in/mutual-funds/hdfc-technology-fund-direct-growth,ACTIVE
hdfc_pharma_and_healthcare,HDFC Pharma and Healthcare Fund - Direct Growth,HDFC Mutual Fund,Thematic / Sectoral Equity,Direct,Growth,https://groww.in/mutual-funds/hdfc-pharma-and-healthcare-fund-direct-growth,ACTIVE
hdfc_manufacturing,HDFC Manufacturing Fund - Direct Growth,HDFC Mutual Fund,Thematic / Sectoral Equity,Direct,Growth,https://groww.in/mutual-funds/hdfc-manufacturing-fund-direct-growth,ACTIVE
hdfc_infrastructure,HDFC Infrastructure Fund - Direct Growth,HDFC Mutual Fund,Thematic / Sectoral Equity,Direct,Growth,https://groww.in/mutual-funds/hdfc-infrastructure-fund-direct-growth,ACTIVE
hdfc_innovation,HDFC Innovation Fund - Direct Growth,HDFC Mutual Fund,Thematic / Sectoral Equity,Direct,Growth,https://groww.in/mutual-funds/hdfc-innovation-fund-direct-growth,ACTIVE
hdfc_childrens,HDFC Children's Fund - Direct Growth,HDFC Mutual Fund,Thematic / Sectoral Equity,Direct,Growth,https://groww.in/mutual-funds/hdfc-childrens-fund-direct-plan-growth,ACTIVE
hdfc_nifty_50_index,HDFC NIFTY 50 Index Fund - Direct Growth,HDFC Mutual Fund,Index / Passive Funds,Direct,Growth,https://groww.in/mutual-funds/hdfc-nifty-50-index-fund-direct-growth,ACTIVE
hdfc_nifty_next_50_index,HDFC NIFTY Next 50 Index Fund - Direct Growth,HDFC Mutual Fund,Index / Passive Funds,Direct,Growth,https://groww.in/mutual-funds/hdfc-nifty-next-50-index-fund-direct-growth,ACTIVE
hdfc_nifty_100_index,HDFC NIFTY 100 Index Fund - Direct Growth,HDFC Mutual Fund,Index / Passive Funds,Direct,Growth,https://groww.in/mutual-funds/hdfc-nifty-100-index-fund-direct-growth,ACTIVE
hdfc_nifty_100_equal_weight_index,HDFC NIFTY 100 Equal Weight Index Fund - Direct Growth,HDFC Mutual Fund,Index / Passive Funds,Direct,Growth,https://groww.in/mutual-funds/hdfc-nifty-100-equal-weight-index-fund-direct-growth,ACTIVE
hdfc_nifty50_equal_weight_index,HDFC NIFTY50 Equal Weight Index Fund - Direct Growth,HDFC Mutual Fund,Index / Passive Funds,Direct,Growth,https://groww.in/mutual-funds/hdfc-nifty-50-equal-weight-index-fund-direct-growth,ACTIVE
hdfc_nifty_midcap_150_index,HDFC NIFTY Midcap 150 Index Fund - Direct Growth,HDFC Mutual Fund,Index / Passive Funds,Direct,Growth,https://groww.in/mutual-funds/hdfc-nifty-midcap-150-index-fund-direct-growth,ACTIVE
hdfc_nifty_smallcap_250_index,HDFC Nifty Smallcap 250 Index Fund - Direct Growth,HDFC Mutual Fund,Index / Passive Funds,Direct,Growth,https://groww.in/mutual-funds/hdfc-nifty-smallcap-250-index-fund-direct-growth,ACTIVE
hdfc_nifty_largemidcap_250_index,HDFC Nifty LargeMidcap 250 Index Fund - Direct Growth,HDFC Mutual Fund,Index / Passive Funds,Direct,Growth,https://groww.in/mutual-funds/hdfc-nifty-largemidcap-250-index-fund-direct-growth,ACTIVE
hdfc_nifty200_momentum_30_index,HDFC NIFTY200 Momentum 30 Index Fund - Direct Growth,HDFC Mutual Fund,Index / Passive Funds,Direct,Growth,https://groww.in/mutual-funds/hdfc-nifty200-momentum-30-index-fund-direct-growth,ACTIVE
hdfc_nifty100_low_volatility_30_index,HDFC NIFTY100 Low Volatility 30 Index Fund - Direct Growth,HDFC Mutual Fund,Index / Passive Funds,Direct,Growth,https://groww.in/mutual-funds/hdfc-nifty100-low-volatility-30-index-fund-direct-growth,ACTIVE
hdfc_nifty100_quality_30_index,HDFC Nifty100 Quality 30 Index Fund - Direct Growth,HDFC Mutual Fund,Index / Passive Funds,Direct,Growth,https://groww.in/mutual-funds/hdfc-nifty100-quality-30-index-fund-direct-growth,ACTIVE
hdfc_nifty_top_20_equal_weight_index,HDFC Nifty Top 20 Equal Weight Index Fund - Direct Growth,HDFC Mutual Fund,Index / Passive Funds,Direct,Growth,https://groww.in/mutual-funds/hdfc-nifty-top-20-equal-weight-index-fund-direct-growth,ACTIVE
hdfc_balanced_advantage,HDFC Balanced Advantage Fund - Direct Growth,HDFC Mutual Fund,Hybrid / Multi-Asset,Direct,Growth,https://groww.in/mutual-funds/hdfc-balanced-advantage-fund-direct-growth,ACTIVE
hdfc_multi_asset_allocation,HDFC Multi Asset Allocation Fund - Direct Growth,HDFC Mutual Fund,Hybrid / Multi-Asset,Direct,Growth,https://groww.in/mutual-funds/hdfc-multi-asset-allocation-fund-direct-growth,ACTIVE
hdfc_gold_etf_fof,HDFC Gold ETF Fund of Fund - Direct Growth,HDFC Mutual Fund,Gold / Commodity,Direct,Growth,https://groww.in/mutual-funds/hdfc-gold-etf-fund-of-fund-direct-plan-growth,ACTIVE
